,EPOCH,BATCH_SIZE,LR,N_HIDDEN_UNITS,NUM_LAYERS,data_used_n,min_val_loss_id,min_val_loss,test_mse,train_loss_list,val_loss_list,BI_DIR,note
0,150,2500,0.01,90,1,1000000,41,0.22923220172524453,1.236351047172362,"[0.5137898498880011, 0.39955232883138314, 0.34989500061741896, 0.3258239394852093, 0.3102197537996939, 0.2998395980468818, 0.29059065287666663, 0.28244490043393206, 0.2752017907266106, 0.2675333839442049, 0.26265802010893824, 0.2574160973940577, 0.25292718905423367, 0.24984425575073277, 0.2470253056713513, 0.24470989323620285, 0.24279882008475917, 0.24074612137462412, 0.2386840337355222, 0.23719693661800453, 0.23571606062884842, 0.2343908330159528, 0.23280717863568237, 0.23202562667429447, 0.23075197927121605, 0.2297817702804293, 0.22940913369613034, 0.22796148282608816, 0.22735541364444153, 0.22634543563638415, 0.22571919595024414, 0.22443553267845084, 0.22462622611118213, 0.22300522662699224, 0.2224920430885894, 0.22269610605601753, 0.22171289194375277, 0.22077901578907455, 0.22094528832073723, 0.21977043436574084, 0.21915179475077562, 0.2186672929940479, 0.21833751310727426, 0.2180416143898453, 0.21749600941049202, 0.2168742631162916, 0.21687001224075045]","[0.43118853817383446, 0.3635153740644455, 0.3338383863369624, 0.3177002732952436, 0.303327809770902, 0.29937044431765875, 0.28921995162963865, 0.2826372196276983, 0.2746511896451314, 0.26766668756802875, 0.2667272202670574, 0.261322691043218, 0.26158028716842335, 0.25560561046004293, 0.25927198107043903, 0.250501179198424, 0.25612936144073806, 0.24649379203716915, 0.24504112005233764, 0.2463648704191049, 0.24414185533920923, 0.24307263568043708, 0.2414150615533193, 0.24221578116218248, 0.2391663352648417, 0.23870065261920292, 0.2381531074643135, 0.2403951659798622, 0.23543669655919075, 0.23634967853625616, 0.2357157605389754, 0.23696308334668478, 0.23504606112837792, 0.23501046498616537, 0.23613729228576025, 0.2312059005101522, 0.23127094109853108, 0.23091963455080985, 0.23194146926204365, 0.23112220838665962, 0.23048507223526637, 0.22923220172524453, 0.2389874701698621, 0.2304571988681952, 0.22974849715828896, 0.22985035429398218, 0.23300218681494395]",True,"alln/MAX_LEN, an/alln, tn/alln, cn/alln, a,b,c,d], two layers "
